"ocean_proxmity","avg_median_income","avg_median_house_value"
"INLAND","32089.963822317204","124805.39"
"ISLAND","27444.2","380440.00"
"NEAR BAY","41728.84759825328","259212.31"
"<1H OCEAN","42306.819176882665","240084.29"
"NEAR OCEAN","40057.848006019565","249433.98"
